"provider","provider_cc","provider_name","customer","customer_cc","customer_name","type"
1,"US","LVLT-1",3549,"US","LVLT-3549",0
1,"US","LVLT-1",11537,"US","ABILENE",0
1,"US","LVLT-1",133296,NULL,"WEBWERKS-AS-IN",0
2,"US","UDEL-DCN",6147,"PE","",-1
2,"US","UDEL-DCN",21954,"US","TELES-27",0
2,"US","UDEL-DCN",26862,"US","FULLNETINC",0
2,"US","UDEL-DCN",37030,"GH","TIGO-AS",-1
2,"US","UDEL-DCN",52720,"BR","",0
3,"US","MIT-GATEWAYS",293,"US","ESNET",0
3,"US","MIT-GATEWAYS",6147,"PE","",-1
3,"US","MIT-GATEWAYS",6939,"US","HURRICANE",0
3,"US","MIT-GATEWAYS",23248,"US","PPS",-1
3,"US","MIT-GATEWAYS",27881,"AR","",0
3,"US","MIT-GATEWAYS",28591,"BR","",0
3,"US","MIT-GATEWAYS",33480,"US","WEBWERKSAS1",0
3,"US","MIT-GATEWAYS",56994,"RU","AMTEL-AS",-1
3,"US","MIT-GATEWAYS",133295,NULL,"WEBWERKS-AS",-1
3,"US","MIT-GATEWAYS",136759,"BD","COSMOPOLITAN1-AS-AP",-1
3,"US","MIT-GATEWAYS",266813,"AR","",-1
4,"US","ISI-AS",6147,"PE","",-1
4,"US","ISI-AS",205906,"IQ","SCIS-AS",-1
5,"US","SYMBOLICS",52352,"AR","",0
8,"US","RICE-AS",1700,"US","RICE-AS1700",-1
8,"US","RICE-AS",34805,"PL","COMDREV-AS",0
10,"US","CSNET-EXT-AS",46392,"US","GCPOWERNET",0
12,"US","NYU-DOMAIN",54965,"US","NYU-POLY",-1
13,"US","DNIC-AS-00013",1508,"US","DNIC-AS-01508",-1
24,"US","AS24",293,"US","ESNET",0
24,"US","AS24",2153,"US","CSUNET-NE",0
24,"US","AS24",7575,NULL,"AARNET-AS-AP",0
24,"US","AS24",10343,"US","AS10343",-1
24,"US","AS24",22388,"US","TRANSPAC",0
32,"US","STANFORD",3671,"US","SLAC",-1
32,"US","STANFORD",46750,"US","STANFORD-BCDC",-1
33,"US","HP-DIGITAL-33",54680,"US","HP-BCRS-ALPHARETTA-GA",-1
34,"US","UDELNET",2,"US","UDEL-DCN",-1
34,"US","UDELNET",3754,"US","NYSERNET3-AS",0
34,"US","UDELNET",30641,"US","STATEOFDE",-1
35,"US","MITRE-AS-1",5691,"US","MITRE-AS-5",-1
42,"US","WOODYNET-1",187,"US","DNSCAST-AS",-1
42,"US","WOODYNET-1",286,"NL","KPN",0
42,"US","WOODYNET-1",293,"US","ESNET",0
42,"US","WOODYNET-1",553,"DE","BELWUE",0
42,"US","WOODYNET-1",680,"DE","DFN",0
42,"US","WOODYNET-1",701,"US","UUNET",0
42,"US","WOODYNET-1",715,"US","WOODYNET-2",-1
42,"US","WOODYNET-1",852,"CA","ASN852",0
42,"US","WOODYNET-1",1103,"NL","SURFNET-NL",0
42,"US","WOODYNET-1",1267,"IT","ASN-WINDTRE",0
42,"US","WOODYNET-1",1280,"US","ISC-AS-1280",0
42,"US","WOODYNET-1",1403,"CA","EBOX",0
42,"US","WOODYNET-1",1764,"AT","NEXTLAYER-AS",0
42,"US","WOODYNET-1",1798,"US","OREGON",0
42,"US","WOODYNET-1",1836,"CH","GREEN",0
42,"US","WOODYNET-1",1916,"BR","",0
42,"US","WOODYNET-1",2018,"ZA","TENET-1",0
42,"US","WOODYNET-1",2119,"NO","TELENOR-NEXTEL",0
42,"US","WOODYNET-1",2152,"US","CSUNET-NW",0
42,"US","WOODYNET-1",2381,"US","WISCNET1-AS",0
42,"US","WOODYNET-1",2497,"JP","IIJ",0
42,"US","WOODYNET-1",2603,"NO","NORDUNET",0
42,"US","WOODYNET-1",2613,"CH","VAN_GULIK",0
42,"US","WOODYNET-1",2905,"ZA","TICSA-ASN",0
42,"US","WOODYNET-1",3130,"EE","RGNET-SEA",0
42,"US","WOODYNET-1",3216,"RU","SOVAM-AS",0
42,"US","WOODYNET-1",3223,"GB","VOXILITY",0
42,"US","WOODYNET-1",3257,"DE","GTT-BACKBONE",0
42,"US","WOODYNET-1",3267,"RU","RUNNET",0
42,"US","WOODYNET-1",3292,"DK","TDC",0
42,"US","WOODYNET-1",3303,"CH","SWISSCOM",0
42,"US","WOODYNET-1",3333,"NL","RIPE-NCC-AS",0
42,"US","WOODYNET-1",3402,"US","AS-ATS",0
42,"US","WOODYNET-1",3491,"US","BTN-ASN",0
42,"US","WOODYNET-1",3741,"ZA","IS",0
42,"US","WOODYNET-1",4181,"US","TDS-AS",0
42,"US","WOODYNET-1",4608,"AU","APNIC-SERVICES",0
42,"US","WOODYNET-1",4637,"HK","ASN-TELSTRA-GLOBAL",0
42,"US","WOODYNET-1",4657,"SG","STARHUB-INTERNET",0
42,"US","WOODYNET-1",4739,"AU","INTERNODE-AS",0
42,"US","WOODYNET-1",4777,"JP","APNIC-NSPIXP2-AS",0
42,"US","WOODYNET-1",4779,"PH","PHOPENIX-AS-PH",0
42,"US","WOODYNET-1",4826,"AU","VOCUS-BACKBONE-AS",0
42,"US","WOODYNET-1",4844,"SG","SUPERINTERNET-AS-AP",0
42,"US","WOODYNET-1",5413,"GB","AS5413",0
42,"US","WOODYNET-1",5645,"CA","TEKSAVVY",0
42,"US","WOODYNET-1",5650,"US","FRONTIER-FRTR",0
42,"US","WOODYNET-1",5769,"CA","VIDEOTRON",0
42,"US","WOODYNET-1",6079,"US","RCN-AS",0
42,"US","WOODYNET-1",6082,"US","IPIFONY-AS",0
42,"US","WOODYNET-1",6233,"US","XTOM",0
42,"US","WOODYNET-1",6423,"US","EASYSTREET-ONLINE",0
42,"US","WOODYNET-1",6461,"US","ZAYO-6461",0
42,"US","WOODYNET-1",6661,"LU","EPT-LU",0
42,"US","WOODYNET-1",6667,"FI","EUNET-FINLAND",0
42,"US","WOODYNET-1",6720,"AT","MAGWIEN",0
42,"US","WOODYNET-1",6730,"CH","SUNRISE",0
42,"US","WOODYNET-1",6762,"IT","SEABONE-NET",0
42,"US","WOODYNET-1",6830,"AT","LGI-UPC",0
42,"US","WOODYNET-1",6894,"GB","KDDI-EUROPE",0
42,"US","WOODYNET-1",6908,"GB","DATAHOP",0
42,"US","WOODYNET-1",6939,"US","HURRICANE",0
42,"US","WOODYNET-1",7473,"SG","SINGTEL-AS-AP",0
42,"US","WOODYNET-1",7500,"JP","M-ROOT-DNS",0
42,"US","WOODYNET-1",7575,NULL,"AARNET-AS-AP",0
42,"US","WOODYNET-1",7597,"ID","IIX-AS-AP",0
42,"US","WOODYNET-1",7660,"JP","APAN-JP",0
42,"US","WOODYNET-1",7713,"ID","telkomnet-as-ap",0
42,"US","WOODYNET-1",7738,"BR","",0
42,"US","WOODYNET-1",7922,"US","COMCAST-7922",0
42,"US","WOODYNET-1",8218,"FR","NEO-ASN",0
42,"US","WOODYNET-1",8220,"GB","COLT",0
42,"US","WOODYNET-1",8222,"DE","NETPLACE",0
42,"US","WOODYNET-1",8283,"NL","COLOCLUE-AS",0
42,"US","WOODYNET-1",8359,"RU","MTS",0
42,"US","WOODYNET-1",8426,"GB","CLARANET-AS",0
42,"US","WOODYNET-1",8447,"AT","TELEKOM-AT",0
42,"US","WOODYNET-1",8455,"NL","ATOM86-AS",0
42,"US","WOODYNET-1",8468,"GB","ENTANET",0
42,"US","WOODYNET-1",8492,"RU","OBIT-AS",0
42,"US","WOODYNET-1",8607,"GB","TIMICO",0
42,"US","WOODYNET-1",8732,"RU","COMCOR-AS",0
42,"US","WOODYNET-1",8758,"CH","IWAY",0
42,"US","WOODYNET-1",8896,"NO","XFIBER-AS",0
42,"US","WOODYNET-1",9002,"EU","RETN-AS",0
42,"US","WOODYNET-1",9044,"CH","SOLNET",0
42,"US","WOODYNET-1",9266,"HK","FIVEWAYS-HK",0
42,"US","WOODYNET-1",9304,"HK","HUTCHISON-AS-AP",0
42,"US","WOODYNET-1",9902,"KH","NEOCOMISP-KH-AP",0
42,"US","WOODYNET-1",10886,"US","MAX-GIGAPOP",-1
42,"US","WOODYNET-1",11039,"US","GWU",0
42,"US","WOODYNET-1",11096,NULL,"FLORIDANET",0
42,"US","WOODYNET-1",11164,"US","INTERNET2-TRANSITRAIL-CPS",0
42,"US","WOODYNET-1",11404,"US","AS-VOBIZ",0
42,"US","WOODYNET-1",11686,"US","ENA",0
42,"US","WOODYNET-1",11708,"US","LINKCITY",0
42,"US","WOODYNET-1",12307,"CH","RAVANA",0
42,"US","WOODYNET-1",12350,"CH","VTX-NETWORK",0
42,"US","WOODYNET-1",12389,"RU","ROSTELECOM-AS",0
42,"US","WOODYNET-1",12552,"SE","IPO-EU",0
42,"US","WOODYNET-1",12637,"IT","SEEWEB",0
42,"US","WOODYNET-1",12779,"IT","ITGATE",0
42,"US","WOODYNET-1",12859,"NL","NL-BIT",0
42,"US","WOODYNET-1",12874,"IT","FASTWEB",0
42,"US","WOODYNET-1",12956,"ES","Telefonica",0
42,"US","WOODYNET-1",13030,"CH","INIT7",0
42,"US","WOODYNET-1",13101,"DE","TNG-AS",0
42,"US","WOODYNET-1",13237,"DE","LAMBDANET-AS",0
42,"US","WOODYNET-1",14061,"US","DIGITALOCEAN-ASN",0
42,"US","WOODYNET-1",14361,"US","HOPONE-GLOBAL",0
42,"US","WOODYNET-1",14537,"US","CL-1379-14537",0
42,"US","WOODYNET-1",14840,"BR","",0
42,"US","WOODYNET-1",14907,"US","WIKIMEDIA",0
42,"US","WOODYNET-1",15008,"US","AISG",0
42,"US","WOODYNET-1",15412,"GB","FLAG-AS",0
42,"US","WOODYNET-1",15435,"NL","KABELFOON",0
42,"US","WOODYNET-1",15547,"CH","NETPLUS",0
42,"US","WOODYNET-1",15576,"CH","NTS",0
42,"US","WOODYNET-1",15605,"IT","CONNESI",0
42,"US","WOODYNET-1",16347,"FR","RMI-FITECH",0
42,"US","WOODYNET-1",16668,"US","GBPSW-AS",-1
42,"US","WOODYNET-1",16735,"BR","",0
42,"US","WOODYNET-1",17639,"PH","CONVERGE-AS",0
42,"US","WOODYNET-1",18106,"SG","VIEWQWEST-SG-AP",0
42,"US","WOODYNET-1",19151,"US","WVFIBER-1",0
42,"US","WOODYNET-1",19281,"US","QUAD9-AS-1",-1
42,"US","WOODYNET-1",19653,"US","CTSTELECOM",0
42,"US","WOODYNET-1",20080,"US","AMPATH",0
42,"US","WOODYNET-1",20485,"RU","TRANSTELECOM",0
42,"US","WOODYNET-1",20562,"NL","OPEN-PEERING-AS",0
42,"US","WOODYNET-1",20612,"CH","SWISSIX",0
42,"US","WOODYNET-1",20764,"RU","RASCOM-AS",0
42,"US","WOODYNET-1",20811,"IT","BRENNERCOM-AS",0
42,"US","WOODYNET-1",20932,"CH","SIG-ST",0
42,"US","WOODYNET-1",21232,"CH","GGAMAUR",0
42,"US","WOODYNET-1",21320,"GB","GEANT_IAS_VRF",0
42,"US","WOODYNET-1",21556,"US","NARC-EROOT",-1
42,"US","WOODYNET-1",22356,"BR","",0
42,"US","WOODYNET-1",22652,"CA","FIBRENOIRE-INTERNET",0
42,"US","WOODYNET-1",23106,"BR","",0
42,"US","WOODYNET-1",23473,"US","PAVLOVMEDIA",0
42,"US","WOODYNET-1",23673,"KH","ONLINE-AS",0
42,"US","WOODYNET-1",23815,NULL,"JPIX-RS",0
42,"US","WOODYNET-1",24441,"KH","CITYLINK-AS-KH",0
42,"US","WOODYNET-1",24482,"SG","SGGS-AS-AP",0
42,"US","WOODYNET-1",24516,"AU","VIRTUTEL-AS-AP",0
42,"US","WOODYNET-1",24961,"DE","MYLOC-AS",0
42,"US","WOODYNET-1",25091,"CH","IP-MAX",0
42,"US","WOODYNET-1",25152,"NL","K-ROOT-SERVER",0
42,"US","WOODYNET-1",25160,"GB","VORBOSS_AS",0
42,"US","WOODYNET-1",25220,"DE","GLOBALNOC-AS",0
42,"US","WOODYNET-1",27446,"US","ERCWC-ASN",0
42,"US","WOODYNET-1",28186,"BR","",0
42,"US","WOODYNET-1",28260,"BR","",0
42,"US","WOODYNET-1",28917,"RU","Fiord-AS",0
42,"US","WOODYNET-1",29075,"FR","IELO",0
42,"US","WOODYNET-1",29140,"DE","HOSTSERVER-AS",0
42,"US","WOODYNET-1",29208,"SK","DIALTELECOM-AS",0
42,"US","WOODYNET-1",29222,"CH","Infomaniak-AS",0
42,"US","WOODYNET-1",29504,"CZ","LBCFREE",0
42,"US","WOODYNET-1",29608,"FR","WAN2MANY-AS",0
42,"US","WOODYNET-1",29680,"ES","VOZTELECOM",0
42,"US","WOODYNET-1",29686,"DE","PROBENETWORKS-AS",0
42,"US","WOODYNET-1",29691,"CH","NINE",0
42,"US","WOODYNET-1",30132,NULL,"ISC-F-AS",0
42,"US","WOODYNET-1",30781,"FR","JAGUAR-AS",0
42,"US","WOODYNET-1",30844,"GB","LIQUID-AS",0
42,"US","WOODYNET-1",31019,"NL","MEANIE",0
42,"US","WOODYNET-1",31133,"RU","MF-MGSM-AS",0
42,"US","WOODYNET-1",31424,"CH","NEXELLENT-AS",0
42,"US","WOODYNET-1",31742,"GB","SOTACONNECT",0
42,"US","WOODYNET-1",32097,"US","WII",0
42,"US","WOODYNET-1",32354,"US","UNWIRED",0
42,"US","WOODYNET-1",32653,"ZA","ENETWORKS",0
42,"US","WOODYNET-1",33891,"DE","CORE-BACKBONE",0
42,"US","WOODYNET-1",34019,"FR","HIVANE",0
42,"US","WOODYNET-1",34177,"FR","CELESTE-AS",0
42,"US","WOODYNET-1",34224,"BG","NETERRA-AS",0
42,"US","WOODYNET-1",34288,"CH","AS34288",0
42,"US","WOODYNET-1",35266,"GB","EXN-AS",0
42,"US","WOODYNET-1",35280,"FR","ACORUS",0
42,"US","WOODYNET-1",35369,"AT","LAGIS-AS",0
42,"US","WOODYNET-1",35699,"ES","ADAMOEU-AS",0
42,"US","WOODYNET-1",36351,"US","SOFTLAYER",0
42,"US","WOODYNET-1",37100,"MU","SEACOM-AS",0
42,"US","WOODYNET-1",37105,"ZA","NEOLOGY-AS",0
42,"US","WOODYNET-1",37239,"ZA","ICTGLOBE",0
42,"US","WOODYNET-1",37271,"ZA","Workonline",0
42,"US","WOODYNET-1",37468,"AO","ANGOLA-CABLES",0
42,"US","WOODYNET-1",37474,"ZA","JINX",0
42,"US","WOODYNET-1",37497,"ZA","Network-Platforms",0
42,"US","WOODYNET-1",37640,"ZA","CAPE-CONNECT-AS",0
42,"US","WOODYNET-1",37680,"ZA","COOL-IDEAS",0
42,"US","WOODYNET-1",37697,"MZ","webmasters",0
42,"US","WOODYNET-1",38001,"SG","NEWMEDIAEXPRESS-AS-AP",0
42,"US","WOODYNET-1",38880,"AU","M21-AS-AP",0
42,"US","WOODYNET-1",39122,"IE","BLACKNIGHT-AS",0
42,"US","WOODYNET-1",39326,"GB","HSO-GROUP",0
42,"US","WOODYNET-1",39351,"SE","ESAB-AS",0
42,"US","WOODYNET-1",40191,"CA","AS-PRE2POST-1",0
42,"US","WOODYNET-1",40630,"US","GRIDFURY-AS",0
42,"US","WOODYNET-1",41095,"NL","IPTP",0
42,"US","WOODYNET-1",41695,"GB","VOSTRON-AS",0
42,"US","WOODYNET-1",41811,"GB","CONVERGENCE-GROUP",0
42,"US","WOODYNET-1",42275,"FR","THREEFOURTEEN",0
42,"US","WOODYNET-1",42473,"AT","AS-ANEXIA",0
42,"US","WOODYNET-1",42541,"DK","FIBERBY",0
42,"US","WOODYNET-1",42708,"SE","PORTLANE",0
42,"US","WOODYNET-1",43578,"ES","bitNAP",0
42,"US","WOODYNET-1",45352,"MY","IPSERVERONE-AS-AP",0
42,"US","WOODYNET-1",46450,"US","PILOT",0
42,"US","WOODYNET-1",47147,"AT","AS-ANX",0
42,"US","WOODYNET-1",47441,"RU","TRUNKM",0
42,"US","WOODYNET-1",47692,"AT","NESSUS",0
42,"US","WOODYNET-1",47950,"RO","LNK",0
42,"US","WOODYNET-1",48362,"AT","TKSWF-AS",0
42,"US","WOODYNET-1",48526,"LU","TANGO-TELINDUS",0
42,"US","WOODYNET-1",48821,"DE","MAUVE",0
42,"US","WOODYNET-1",48858,"RU","Milecom-as",0
42,"US","WOODYNET-1",49463,"FR","ASN-LNC",0
42,"US","WOODYNET-1",49605,"IT","DTS-AS",0
42,"US","WOODYNET-1",50300,"GB","CUSTDC",0
42,"US","WOODYNET-1",50304,"NO","BLIX",0
42,"US","WOODYNET-1",50629,"DE","LWLCOM",0
42,"US","WOODYNET-1",50673,"NL","Serverius-as",0
42,"US","WOODYNET-1",50763,"GB","MCKAYCOM",0
42,"US","WOODYNET-1",50877,"IT","AIRBEAM-AS",0
42,"US","WOODYNET-1",51088,"NL","A2B",0
42,"US","WOODYNET-1",51185,"GB","ONECOM-AS",0
42,"US","WOODYNET-1",51405,"LU","voipGATE",0
42,"US","WOODYNET-1",51873,"CH","ARCADE-AS",0
42,"US","WOODYNET-1",52304,"CL","",-1
42,"US","WOODYNET-1",52306,"CL","",-1
42,"US","WOODYNET-1",52320,"CO","",0
42,"US","WOODYNET-1",52873,"BR","",0
42,"US","WOODYNET-1",53070,"BR","",0
42,"US","WOODYNET-1",53767,"US","ICASTCENTER",0
42,"US","WOODYNET-1",53828,"US","NITEL",0
42,"US","WOODYNET-1",55222,"CA","9219-1568QUEBEC-NET7777",0
42,"US","WOODYNET-1",56730,"GB","Wirehive-AS",0
42,"US","WOODYNET-1",57695,"US","MISAKA",0
42,"US","WOODYNET-1",58057,"CH","SECUREBIT",0
42,"US","WOODYNET-1",58299,"CH","OPENFACTORY-AS",0
42,"US","WOODYNET-1",58308,"FR","CUSAE-AS",0
42,"US","WOODYNET-1",58453,"HK","CMI-INT-HK",0
42,"US","WOODYNET-1",58511,"AU","ANYCAST-GLOBAL-BACKBONE",0
42,"US","WOODYNET-1",59414,"CH","CLOUDSCALE",0
42,"US","WOODYNET-1",59605,"BH","ZAINGP-AS",0
42,"US","WOODYNET-1",59689,"FR","KEYADE-AS",0
42,"US","WOODYNET-1",59891,"CH","FSIT",0
42,"US","WOODYNET-1",61955,"DE","ColocationIX-AS",0
42,"US","WOODYNET-1",62240,"GB","Clouvider",0
42,"US","WOODYNET-1",63927,"HK","RISE-HK",0
42,"US","WOODYNET-1",63956,"AU","COLO-AS-AP",0
42,"US","WOODYNET-1",64050,"SG","BCPL-SG",0
42,"US","WOODYNET-1",64463,"CH","PREM",0
42,"US","WOODYNET-1",134708,"KH","KINGTEL-AS-AP",0
42,"US","WOODYNET-1",136620,"GB","VMHAUSLIMITED-AS-AP",0
42,"US","WOODYNET-1",196621,"CH","FREESTONE",0
42,"US","WOODYNET-1",197595,"SE","OBE-EUROPE",0
42,"US","WOODYNET-1",198290,"LU","AS-GITS",0
42,"US","WOODYNET-1",198385,"CH","AlpineDC",0
42,"US","WOODYNET-1",202032,"CH","GOLINE",0
42,"US","WOODYNET-1",202194,"CH","EDSI-Tech",0
42,"US","WOODYNET-1",206356,"DE","Freifunk-Essen",0
42,"US","WOODYNET-1",206499,"PL","MMNETWORKS",0
42,"US","WOODYNET-1",207044,"IE","ENET-AS",0
42,"US","WOODYNET-1",267613,"BR","",0
42,"US","WOODYNET-1",327960,"ZA","PC-MANIACS",0
42,"US","WOODYNET-1",327983,"ZA","Interworks-Wireless-Solutions",0
42,"US","WOODYNET-1",328145,"ZA","Lyca-Digital-AS",0
42,"US","WOODYNET-1",328320,"ZA","Kurlec-AS",0
42,"US","WOODYNET-1",328474,"ZA","Jebo-Connect-AS",0
42,"US","WOODYNET-1",393950,"US","XIBER-LLC",0
46,"US","RUTGERS",6939,"US","HURRICANE",0
46,"US","RUTGERS",11094,"US","ASN-RBHS",-1
46,"US","RUTGERS",46450,"US","PILOT",0
47,"US","USC-AS",7575,NULL,"AARNET-AS-AP",0
55,"US","UPENN",3356,"US","LEVEL3",0
55,"US","UPENN",46274,"US","UPHS",-1
57,"US","NL-GIGAPOP",217,"US","UMN-SYSTEM",-1
57,"US","NL-GIGAPOP",675,"US","MSUS-AS",-1
57,"US","NL-GIGAPOP",1998,"US","STATE-OF-MN",-1
57,"US","NL-GIGAPOP",3356,"US","LEVEL3",0
57,"US","NL-GIGAPOP",4181,"US","TDS-AS",0
57,"US","NL-GIGAPOP",6263,"US","NDIN",-1
57,"US","NL-GIGAPOP",6461,"US","ZAYO-6461",0
57,"US","NL-GIGAPOP",7896,"US","NU-AS",-1
57,"US","NL-GIGAPOP",7973,"US","MAYO",-1
57,"US","NL-GIGAPOP",8148,"US","SOURCEWELL-TECHNOLOGY",-1
57,"US","NL-GIGAPOP",11317,"US","GPN",0
57,"US","NL-GIGAPOP",14763,"US","STKATE",-1
57,"US","NL-GIGAPOP",17234,"US","GAC",-1
57,"US","NL-GIGAPOP",18454,"US","AUGSBURG",-1
57,"US","NL-GIGAPOP",20125,"US","CAMPUS",-1
57,"US","NL-GIGAPOP",21727,"US","HAMLINE-EDU",-1
57,"US","NL-GIGAPOP",21951,"US","STOLAF",-1
57,"US","NL-GIGAPOP",26557,"US","CARLET-NET",-1
57,"US","NL-GIGAPOP",30220,"US","SWTELCOOP",-1
57,"US","NL-GIGAPOP",32907,"US","STTHOMAS",-1
57,"US","NL-GIGAPOP",33189,"US","SOUTH-DAKOTA-RESEARCH-AND-EDUCATION-NETWORK",-1
57,"US","NL-GIGAPOP",33455,"US","NORTHWESTERN-COLLEGE-STPAUL-MN",-1
57,"US","NL-GIGAPOP",33692,"US","MACALE",-1
57,"US","NL-GIGAPOP",40387,"US","UI-ICCN",0
57,"US","NL-GIGAPOP",40497,"US","BETHEL-ASN1",-1
59,"US","WISC-MADISON-AS",293,"US","ESNET",0
59,"US","WISC-MADISON-AS",4181,"US","TDS-AS",0
59,"US","WISC-MADISON-AS",40387,"US","UI-ICCN",0
62,"US","CONE",125,"US","HI-NET-AS",-1
62,"US","CONE",2567,"US","SLB-WESTERNGECO-AS",-1
62,"US","CONE",2723,"US","ENDURANCE",-1
62,"US","CONE",3828,"US","CIRRUS",-1
62,"US","CONE",4891,"US","PORTO-18-4891",-1
62,"US","CONE",6939,"US","HURRICANE",0
62,"US","CONE",6977,"US","IAC-AS",-1
62,"US","CONE",7838,"US","USAA",-1
62,"US","CONE",10511,"US","COUNTRY-INSURANCE",-1
62,"US","CONE",10723,"US","MGL-40-ASN",-1
62,"US","CONE",11189,"US","CFL-AS1",-1
62,"US","CONE",11690,"US","COGNIZANT-US",-1
62,"US","CONE",13782,"US","FAFCO",-1
62,"US","CONE",15003,"US","NOBIS-TECH",-1
62,"US","CONE",16477,"US","ACNIELSEN-AS",-1
62,"US","CONE",16525,"US","KBR",-1
62,"US","CONE",16636,NULL,NULL,-1
62,"US","CONE",16678,"US","AUSRAD",-1
62,"US","CONE",16991,"US","CBTS-AS-DC1",-1
62,"US","CONE",17121,"US","KGBCORPASN",-1
62,"US","CONE",17374,"US","WALMART",-1
62,"US","CONE",17466,"IN","Global-GECIS",-1
62,"US","CONE",18594,"US","FTPS-LLC",-1
62,"US","CONE",18676,"US","AVAYA",-1
62,"US","CONE",18996,NULL,NULL,-1
62,"US","CONE",19137,"US","EPSILON-INTERACTIVE",-1
62,"US","CONE",19311,"US","STEWART-1",-1
62,"US","CONE",19479,"US","CERVALIS",-1
62,"US","CONE",20333,"US","OPSUS-NET",-1
62,"US","CONE",20339,"US","RR-CENTRAL",-1
62,"US","CONE",20416,"US","GCC-01",-1
62,"US","CONE",22334,"US","FERGUSON",-1
62,"US","CONE",23010,"US","FFHSJ",-1
62,"US","CONE",23165,"US","BPAS-01",-1
62,"US","CONE",23530,"US","RDX-NA-DC-AS1",-1
62,"US","CONE",25836,"US","STERLING-JEWELERS",-1
62,"US","CONE",25945,"US","CBSNSOC-LR",-1
62,"US","CONE",25955,"US","PROSKAUER-1",-1
62,"US","CONE",26512,"US","BMSL-2-ARIN",-1
62,"US","CONE",26513,"US","TGS-GEOPHYSICAL-CO",-1
62,"US","CONE",26646,"US","TRAVELCLICKCORP1",-1
62,"US","CONE",26705,"US","WBNET-01",-1
62,"US","CONE",26940,"US","LEVI-STRAUSS-CO",-1
62,"US","CONE",30023,"US","CYRUSONE-CIN",-1
62,"US","CONE",30059,"US","ZIMCOM",-1
62,"US","CONE",30175,"US","EPICOR",-1
62,"US","CONE",30347,"US","IBERIABANKLFY",-1
62,"US","CONE",30423,"US","AMEDI-3-ASN1",-1
62,"US","CONE",32076,"US","PXDNET",-1
62,"US","CONE",32382,"US","ATOS-ORIGIN-INTERNET-AS",-1
62,"US","CONE",32418,"US","DNOW-AS",-1
62,"US","CONE",32457,"US","COHAS1",-1
62,"US","CONE",33016,"US","SMFE-BB",-1
62,"US","CONE",33365,"US","CINFIN-ASN-01",-1
62,"US","CONE",35934,"US","REPUBLIC-SERVICES-INC",-1
62,"US","CONE",36328,"US","CALTECH",-1
62,"US","CONE",36607,"US","ACM",-1
62,"US","CONE",40062,"US","ASCENDLEARNING",-1
62,"US","CONE",40666,"US","SABIC-INNOVATIVE-PLASTICS-US-LLC",-1
62,"US","CONE",46202,"US","MICHAELS-ATT-DS3",-1
62,"US","CONE",46282,"US","AVIALL-SERVICES-INC",-1
62,"US","CONE",46606,"US","UNIFIEDLAYER-AS-1",-1
62,"US","CONE",46784,"US","DPW",-1
62,"US","CONE",47523,"GB","HEIDMAR-GBL",-1
62,"US","CONE",49362,"DK","DSV",-1
62,"US","CONE",53305,"US","SUPERSHUTTLEFRANCHISECORP",-1
62,"US","CONE",53396,"US","STRAC",-1
62,"US","CONE",53559,"US","ANONYMIZER",-1
62,"US","CONE",54554,"US","TIG-AS",-1
62,"US","CONE",62529,"US","AS-APEX",-1
62,"US","CONE",62659,"US","Q2HOLDINGS",-1
62,"US","CONE",62872,"US","CBTS-AS-DC2",-1
62,"US","CONE",63011,"US","RCG-ASN",-1
62,"US","CONE",393463,"US","GAF-TOTOWA-65-223-143-0",-1
62,"US","CONE",393571,"US","ALLCOVERED-EAST1-AS",-1
62,"US","CONE",393587,"US","ULTA-BGP",-1
62,"US","CONE",393759,"US","CITY-OF-AUSTIN",-1
62,"US","CONE",393793,"US","AS-C3CP",-1
62,"US","CONE",393924,"US","RIGNET-ISP",-1
62,"US","CONE",393976,"US","FUJ-HYBRIDIT-K5",-1
62,"US","CONE",394302,"US","IAD-COLO",-1
62,"US","CONE",394481,"US","MFBNAS",-1
62,"US","CONE",395273,"US","CBAD-EHCS",-1
62,"US","CONE",395533,"US","ECSL-9",-1
62,"US","CONE",396285,"US","CBTS-AS-FGA",-1
62,"US","CONE",396290,"US","NIELSEN-COMPANY",-1
62,"US","CONE",396333,"US","CYWEST-COMMUNICATIONS",-1
62,"US","CONE",396361,"US","BIGLOTS-DR",-1
62,"US","CONE",396497,"US","CENTRETECH-AS-1",-1
62,"US","CONE",396838,"US","HADV",-1
62,"US","CONE",397325,"US","DATCAN",-1
64,"US","MITRE-AS-2",5691,"US","MITRE-AS-5",-1
70,"US","NLM-GW",393689,"US","NLM-NCCS",-1
71,"US","HP-INTERNET-AS",2165,NULL,"HPES",-1
71,"US","HP-INTERNET-AS",4445,"US","CWI-AS",-1
71,"US","HP-INTERNET-AS",5073,"US","HPES",-1
71,"US","HP-INTERNET-AS",7430,"US","TANDEM",-1
71,"US","HP-INTERNET-AS",10782,"US","HP-DIGITAL-10782",-1
71,"US","HP-INTERNET-AS",13979,"US","ATT-IPFR",-1
71,"US","HP-INTERNET-AS",15329,NULL,NULL,-1
72,"US","SCHLUMBERGER-AS",19516,"US","SMITH",-1
81,"US","NCREN",6559,"US","NCIH",-1
81,"US","NCREN",10952,"US","ECU-AS",-1
81,"US","NCREN",11426,"US","TWC-11426-CAROLINAS",0
81,"US","NCREN",11442,"US","NCSU",-1
81,"US","NCREN",11777,"US","NCAOC",-1
81,"US","NCREN",13371,"US","DUKE-INTERCHANGE",-1
81,"US","NCREN",13862,"US","NCSU-SNARE",-1
81,"US","NCREN",17031,"US","WINSTON-SALEM-SCHOOLS",-1
81,"US","NCREN",17314,"US","REDHAT-HOSTED",-1
81,"US","NCREN",18538,"US","WCPSS-BOE",-1
81,"US","NCREN",19718,"US","NCNI",-1
81,"US","NCREN",20197,"US","NCRC-KANNAPOLIS",0
81,"US","NCREN",26741,"US","CEMC",-1
81,"US","NCREN",27446,"US","ERCWC-ASN",-1
81,"US","NCREN",29901,"US","MECK-COUNTY-INET",-1
81,"US","NCREN",32417,"US","ELONU-AS",-1
81,"US","NCREN",32711,"US","WCGNC",-1
81,"US","NCREN",33401,"US","CPCC",-1
81,"US","NCREN",36850,"US","UNC-CH",-1
81,"US","NCREN",40245,"US","WAKE-FOREST-UNIVERSITY",-1
81,"US","NCREN",46255,"US","CHARLOTTE-MECKLENBURG-SCHOOLS-NC",-1
81,"US","NCREN",46963,"US","CITY-WINSTON-SALEM-AS",-1
81,"US","NCREN",53384,"US","UNCC-AS",-1
81,"US","NCREN",53785,"US","UNC-GREENSBORO",-1
81,"US","NCREN",54640,"US","CONEHEALTH",-1
81,"US","NCREN",394165,"US","COGNC",-1
81,"US","NCREN",395312,"US","WEBASSIGN-ASN",-1
81,"US","NCREN",396028,"US","VIDANTHEALTH",-1
81,"US","NCREN",396391,"US","GUILFORD-COLLEGE",-1
81,"US","NCREN",396837,"US","SEAA18",-1
88,"US","PRINCETON-AS",293,"US","ESNET",0
92,"US","CLARKSON-AS",3754,"US","NYSERNET3-AS",0
101,"US","WASH-NSF-AS",73,"US","WASHINGTON-AS",-1
101,"US","WASH-NSF-AS",293,"US","ESNET",0
101,"US","WASH-NSF-AS",852,"CA","ASN852",0
101,"US","WASH-NSF-AS",1798,"US","OREGON",0
101,"US","WASH-NSF-AS",2152,"US","CSUNET-NW",0
101,"US","WASH-NSF-AS",2153,"US","CSUNET-NE",0
101,"US","WASH-NSF-AS",2497,"JP","IIJ",0
101,"US","WASH-NSF-AS",3130,"EE","RGNET-SEA",0
101,"US","WASH-NSF-AS",3428,NULL,"ESNET-AS",-1
101,"US","WASH-NSF-AS",3491,"US","BTN-ASN",0
101,"US","WASH-NSF-AS",3807,"US","UMTNET-ASN",-1
101,"US","WASH-NSF-AS",4193,"US","WA-STATE-GOV",-1
101,"US","WASH-NSF-AS",6423,"US","EASYSTREET-ONLINE",0
101,"US","WASH-NSF-AS",6939,"US","HURRICANE",0
101,"US","WASH-NSF-AS",7575,NULL,"AARNET-AS-AP",0
101,"US","WASH-NSF-AS",7713,"ID","telkomnet-as-ap",0
101,"US","WASH-NSF-AS",7774,"US","ALASKA",-1
101,"US","WASH-NSF-AS",10430,"US","WA-K20",-1
101,"US","WASH-NSF-AS",10883,"US","COMSPANUSA",0
101,"US","WASH-NSF-AS",11404,"US","AS-VOBIZ",0
101,"US","WASH-NSF-AS",11649,"US","GUNET",-1
101,"US","WASH-NSF-AS",11827,"US","WSU-AS",-1
101,"US","WASH-NSF-AS",11956,"US","NOAA-NWN",-1
101,"US","WASH-NSF-AS",13476,"US","MSU-BOZEMAN",-1
101,"US","WASH-NSF-AS",14221,"US","UW-GR-AS",-1
101,"US","WASH-NSF-AS",14954,"US","FHCRC",-1
101,"US","WASH-NSF-AS",15307,"US","CHILDRENS-SEATTLE",-1
101,"US","WASH-NSF-AS",17200,"US","SEATTLECOLL",-1
101,"US","WASH-NSF-AS",18106,"SG","VIEWQWEST-SG-AP",0
101,"US","WASH-NSF-AS",18856,"US","SCCA",-1
101,"US","WASH-NSF-AS",19014,"US","NORCOM",-1
101,"US","WASH-NSF-AS",19653,"US","CTSTELECOM",0
101,"US","WASH-NSF-AS",22335,"US","MREN",0
101,"US","WASH-NSF-AS",22388,"US","TRANSPAC",0
101,"US","WASH-NSF-AS",22972,"US","NWHSEA",-1
101,"US","WASH-NSF-AS",24482,"SG","SGGS-AS-AP",0
101,"US","WASH-NSF-AS",32354,"US","UNWIRED",0
101,"US","WASH-NSF-AS",36351,"US","SOFTLAYER",0
101,"US","WASH-NSF-AS",40272,"US","ALLENINSTITUTE",-1
101,"US","WASH-NSF-AS",47065,"US","PEERING-RESEARCH-TESTBED-USC-UFMG-AS47065",-1
101,"US","WASH-NSF-AS",53472,"US","CKW-3",-1
101,"US","WASH-NSF-AS",53828,"US","NITEL",0
101,"US","WASH-NSF-AS",58511,"AU","ANYCAST-GLOBAL-BACKBONE",0
101,"US","WASH-NSF-AS",64247,"US","UW-RESEARCH",-1
103,"US","NWU-AS",293,"US","ESNET",0
103,"US","NWU-AS",40387,"US","UI-ICCN",0
112,"US","ROOTSERV",2018,"ZA","TENET-1",0
112,"US","ROOTSERV",2613,"CH","VAN_GULIK",0
112,"US","ROOTSERV",2895,"RU","FREE-NET-AS",0
112,"US","ROOTSERV",3292,"DK","TDC",0
112,"US","ROOTSERV",4739,"AU","INTERNODE-AS",0
112,"US","ROOTSERV",4826,"AU","VOCUS-BACKBONE-AS",0
112,"US","ROOTSERV",6830,"AT","LGI-UPC",0
112,"US","ROOTSERV",7575,NULL,"AARNET-AS-AP",0
112,"US","ROOTSERV",7713,"ID","telkomnet-as-ap",0
112,"US","ROOTSERV",8218,"FR","NEO-ASN",0
112,"US","ROOTSERV",8222,"DE","NETPLACE",0
112,"US","ROOTSERV",8283,"NL","COLOCLUE-AS",0
112,"US","ROOTSERV",8426,"GB","CLARANET-AS",0
112,"US","ROOTSERV",8492,"RU","OBIT-AS",0
112,"US","ROOTSERV",8758,"CH","IWAY",0
112,"US","ROOTSERV",9304,"HK","HUTCHISON-AS-AP",0
112,"US","ROOTSERV",12859,"NL","NL-BIT",0
112,"US","ROOTSERV",13237,"DE","LAMBDANET-AS",0
112,"US","ROOTSERV",14061,"US","DIGITALOCEAN-ASN",0
112,"US","ROOTSERV",14840,"BR","",0
112,"US","ROOTSERV",14907,"US","WIKIMEDIA",0
112,"US","ROOTSERV",15435,"NL","KABELFOON",0
112,"US","ROOTSERV",15547,"CH","NETPLUS",0
112,"US","ROOTSERV",15605,"IT","CONNESI",0
112,"US","ROOTSERV",16347,"FR","RMI-FITECH",0
112,"US","ROOTSERV",17639,"PH","CONVERGE-AS",0
112,"US","ROOTSERV",20562,"NL","OPEN-PEERING-AS",0
112,"US","ROOTSERV",20811,"IT","BRENNERCOM-AS",0
112,"US","ROOTSERV",20912,"IT","ASN-PANSERVICE",0
112,"US","ROOTSERV",20932,"CH","SIG-ST",0
112,"US","ROOTSERV",23673,"KH","ONLINE-AS",0
112,"US","ROOTSERV",24441,"KH","CITYLINK-AS-KH",0
112,"US","ROOTSERV",24482,"SG","SGGS-AS-AP",0
112,"US","ROOTSERV",24516,"AU","VIRTUTEL-AS-AP",0
112,"US","ROOTSERV",25220,"DE","GLOBALNOC-AS",0
112,"US","ROOTSERV",25227,"RU","ASN-AVANTEL-MSK",0
112,"US","ROOTSERV",28186,"BR","",0
112,"US","ROOTSERV",28260,"BR","",0
112,"US","ROOTSERV",29140,"DE","HOSTSERVER-AS",0
112,"US","ROOTSERV",29479,"NO","TRANSDATA",0
112,"US","ROOTSERV",30132,NULL,"ISC-F-AS",0
112,"US","ROOTSERV",30844,"GB","LIQUID-AS",0
112,"US","ROOTSERV",31019,"NL","MEANIE",0
112,"US","ROOTSERV",31287,"BG","IPACCT-AS",0
112,"US","ROOTSERV",31424,"CH","NEXELLENT-AS",0
112,"US","ROOTSERV",34177,"FR","CELESTE-AS",0
112,"US","ROOTSERV",34288,"CH","AS34288",0
112,"US","ROOTSERV",37100,"MU","SEACOM-AS",0
112,"US","ROOTSERV",37105,"ZA","NEOLOGY-AS",0
112,"US","ROOTSERV",37468,"AO","ANGOLA-CABLES",0
112,"US","ROOTSERV",37640,"ZA","CAPE-CONNECT-AS",0
112,"US","ROOTSERV",37680,"ZA","COOL-IDEAS",0
112,"US","ROOTSERV",38880,"AU","M21-AS-AP",0
112,"US","ROOTSERV",39122,"IE","BLACKNIGHT-AS",0
112,"US","ROOTSERV",39351,"SE","ESAB-AS",0
112,"US","ROOTSERV",39821,"RU","CANMOS-AS",0
112,"US","ROOTSERV",40630,"US","GRIDFURY-AS",0
112,"US","ROOTSERV",41722,"RU","MIRAN-AS",0
112,"US","ROOTSERV",41811,"GB","CONVERGENCE-GROUP",0
112,"US","ROOTSERV",42275,"FR","THREEFOURTEEN",0
112,"US","ROOTSERV",42473,"AT","AS-ANEXIA",0
112,"US","ROOTSERV",42541,"DK","FIBERBY",0
112,"US","ROOTSERV",45352,"MY","IPSERVERONE-AS-AP",0
112,"US","ROOTSERV",47441,"RU","TRUNKM",0
112,"US","ROOTSERV",47692,"AT","NESSUS",0
112,"US","ROOTSERV",48526,"LU","TANGO-TELINDUS",0
112,"US","ROOTSERV",49463,"FR","ASN-LNC",0
112,"US","ROOTSERV",49605,"IT","DTS-AS",0
112,"US","ROOTSERV",50673,"NL","Serverius-as",0
112,"US","ROOTSERV",50763,"GB","MCKAYCOM",0
112,"US","ROOTSERV",51185,"GB","ONECOM-AS",0
112,"US","ROOTSERV",52873,"BR","",0
112,"US","ROOTSERV",53767,"US","ICASTCENTER",0
112,"US","ROOTSERV",58057,"CH","SECUREBIT",0
112,"US","ROOTSERV",58308,"FR","CUSAE-AS",0
112,"US","ROOTSERV",58511,"AU","ANYCAST-GLOBAL-BACKBONE",0
112,"US","ROOTSERV",59605,"BH","ZAINGP-AS",0
112,"US","ROOTSERV",59689,"FR","KEYADE-AS",0
112,"US","ROOTSERV",60501,"IT","SIRIUSTEC-IT",0
112,"US","ROOTSERV",61955,"DE","ColocationIX-AS",0
112,"US","ROOTSERV",63927,"HK","RISE-HK",0
112,"US","ROOTSERV",63956,"AU","COLO-AS-AP",0
112,"US","ROOTSERV",134708,"KH","KINGTEL-AS-AP",0
112,"US","ROOTSERV",196753,"IT","FIBERTELECOM-AS",0
112,"US","ROOTSERV",197595,"SE","OBE-EUROPE",0
112,"US","ROOTSERV",202365,"TR","Chronos",0
132,"US","WPAFB-CSD-NET-AS",383,NULL,"AFCONC-BLOCK1-AS",0
137,"IT","ASGARR",2596,"IT","CSP-SCHOOLS-AS",-1
137,"IT","ASGARR",2597,"IT","CCTLD-IT",-1
137,"IT","ASGARR",2598,"IT","CNR",-1
137,"IT","ASGARR",3303,"CH","SWISSCOM",0
137,"IT","ASGARR",5392,"IT","TELNET-ITALY",0
137,"IT","ASGARR",5396,"IT","AS-IRIDEOS-MC",0
137,"IT","ASGARR",5502,"IT","",-1
137,"IT","ASGARR",5602,"IT","AS-IRIDEOS-KP",0
137,"IT","ASGARR",6730,"CH","SUNRISE",0
137,"IT","ASGARR",6939,"US","HURRICANE",0
137,"IT","ASGARR",8220,"GB","COLT",0
137,"IT","ASGARR",8978,"IT","ASN-HOLYSEE",-1
137,"IT","ASGARR",9002,"EU","RETN-AS",0
137,"IT","ASGARR",12637,"IT","SEEWEB",0
137,"IT","ASGARR",12779,"IT","ITGATE",0
137,"IT","ASGARR",14537,"US","CL-1379-14537",0
137,"IT","ASGARR",15605,"IT","CONNESI",0
137,"IT","ASGARR",16004,"IT","MIXITA-AS",-1
137,"IT","ASGARR",20811,"IT","BRENNERCOM-AS",0
137,"IT","ASGARR",20912,"IT","ASN-PANSERVICE",0
137,"IT","ASGARR",24482,"SG","SGGS-AS-AP",0
137,"IT","ASGARR",28716,"IT","RETELIT-AS",0
137,"IT","ASGARR",28929,"IT","ASDASD-AS",0
137,"IT","ASGARR",31638,"IT","ASN-LEPIDA",-1
137,"IT","ASGARR",41497,"IT","AS_INTERACTIVE",0
137,"IT","ASGARR",42165,"IT","JRC",-1
137,"IT","ASGARR",49605,"IT","DTS-AS",0
137,"IT","ASGARR",49709,"IT","VIDEOBYTE",0
137,"IT","ASGARR",49976,"IT","AREATS-NET",-1
137,"IT","ASGARR",50112,"IT","FUB-AS",-1
137,"IT","ASGARR",50877,"IT","AIRBEAM-AS",0
137,"IT","ASGARR",51185,"GB","ONECOM-AS",0
137,"IT","ASGARR",51708,"IT","UNIBZ-AS",-1
137,"IT","ASGARR",196753,"IT","FIBERTELECOM-AS",0
137,"IT","ASGARR",197440,"IT","CCTLD-IT-anycast",-1
137,"IT","ASGARR",199342,"IT","UNICATTOLICA-AS",-1
137,"IT","ASGARR",202032,"CH","GOLINE",0
137,"IT","ASGARR",205195,"IT","EFSA-AS",-1
137,"IT","ASGARR",209631,"IT","TOPIX4SCHOOLS",-1
154,"US","DNIC-AS-00154",27067,NULL,"DNIC-ASBLK-27032-27159",0
156,"US","NORTHEASTERN-GW-AS",47065,"US","PEERING-RESEARCH-TESTBED-USC-UFMG-AS47065",-1
159,"US","OSUNET-AS",3112,"US","OARNET-AS-1",0
160,"US","U-CHICAGO-AS",293,"US","ESNET",0
160,"US","U-CHICAGO-AS",2153,"US","CSUNET-NE",0
160,"US","U-CHICAGO-AS",40387,"US","UI-ICCN",0
161,"US","TI-AS",2562,"US","TI-US/INTL",-1
173,"JP","ERX-ECLNET",2511,NULL,"CORE",-1
173,"JP","ERX-ECLNET",4637,"HK","ASN-TELSTRA-GLOBAL",0
173,"JP","ERX-ECLNET",6939,"US","HURRICANE",0
173,"JP","ERX-ECLNET",8220,"GB","COLT",0
173,"JP","ERX-ECLNET",17639,"PH","CONVERGE-AS",0
173,"JP","ERX-ECLNET",24482,"SG","SGGS-AS-AP",0
173,"JP","ERX-ECLNET",25152,"NL","K-ROOT-SERVER",0
173,"JP","ERX-ECLNET",38639,NULL,"HANABI",0
174,"US","COGENT-174",3,"US","MIT-GATEWAYS",-1
174,"US","COGENT-174",4,"US","ISI-AS",-1
174,"US","COGENT-174",9,"US","CMU-ROUTER",-1
174,"US","COGENT-174",12,"US","NYU-DOMAIN",-1
174,"US","COGENT-174",14,"US","COLUMBIA-GW",-1
174,"US","COGENT-174",18,"US","UTEXAS",-1
174,"US","COGENT-174",20,"US","UR",-1
174,"US","COGENT-174",26,"US","CORNELL",-1
174,"US","COGENT-174",34,"US","UDELNET",-1
174,"US","COGENT-174",55,"US","UPENN",-1
174,"US","COGENT-174",72,"US","SCHLUMBERGER-AS",-1
174,"US","COGENT-174",81,"US","NCREN",-1
174,"US","COGENT-174",88,"US","PRINCETON-AS",-1
174,"US","COGENT-174",91,"US","RPI-AS",-1
174,"US","COGENT-174",92,"US","CLARKSON-AS",-1
174,"US","COGENT-174",98,"US","ROCKEFELLER-AS",-1
174,"US","COGENT-174",101,"US","WASH-NSF-AS",-1
174,"US","COGENT-174",103,"US","NWU-AS",-1
174,"US","COGENT-174",111,"US","BOSTONU-AS",-1
174,"US","COGENT-174",137,"IT","ASGARR",-1
174,"US","COGENT-174",156,"US","NORTHEASTERN-GW-AS",-1
174,"US","COGENT-174",160,"US","U-CHICAGO-AS",-1
174,"US","COGENT-174",209,"US","CENTURYLINK-US-LEGACY-QWEST",-1
174,"US","COGENT-174",210,"US","WEST-NET-WEST",-1
174,"US","COGENT-174",286,"NL","KPN",0
174,"US","COGENT-174",376,"CA","RISQ-AS",-1
174,"US","COGENT-174",513,"CH","CERN",-1
174,"US","COGENT-174",545,"US","NRI",-1
174,"US","COGENT-174",549,"CA","GTANET-AS",-1
174,"US","COGENT-174",553,"DE","BELWUE",-1
174,"US","COGENT-174",557,"US","UMAINE-SYS-AS",-1
174,"US","COGENT-174",558,"US","NNEXT",0
174,"US","COGENT-174",559,"CH","SWITCH",0
174,"US","COGENT-174",577,"CA","BACOM",0
174,"US","COGENT-174",693,"US","NOTRE-DAME-AS",-1
174,"US","COGENT-174",701,"US","UUNET",0
174,"US","COGENT-174",702,NULL,"UUNET",0
174,"US","COGENT-174",766,"ES","RedIRIS",-1
174,"US","COGENT-174",773,"US","PARSONS-PGS-2",-1
174,"US","COGENT-174",803,"CA","SASKTEL",-1
174,"US","COGENT-174",812,"CA","ROGERS-COMMUNICATIONS",-1
174,"US","COGENT-174",819,"CA","LARG-NET",-1
174,"US","COGENT-174",852,"CA","ASN852",-1
174,"US","COGENT-174",1239,"US","SPRINTLINK",-1
174,"US","COGENT-174",1257,"SE","SWIPNET",0
174,"US","COGENT-174",1273,"GB","CW",0
174,"US","COGENT-174",1277,"US","VXCHNGE-AS",-1
174,"US","COGENT-174",1286,"US","IVAS01",-1
174,"US","COGENT-174",1289,"US","COLGATE-UNIVERSITY",-1
174,"US","COGENT-174",1299,"SE","TELIANET",0
174,"US","COGENT-174",1351,"US","UVM-EDU-AS",-1
174,"US","COGENT-174",1355,"US","ABELSONTAYLOR",-1
174,"US","COGENT-174",1403,"CA","EBOX",-1
174,"US","COGENT-174",1406,"US","MOTOROLA-MOBILITY",-1
174,"US","COGENT-174",1408,"US","CCB-AS",-1
174,"US","COGENT-174",1419,"US","SELERITY",-1
174,"US","COGENT-174",1421,"US","WANSECURITY",-1
174,"US","COGENT-174",1422,"US","MEDIA6-ASN",-1
174,"US","COGENT-174",1428,"US","DRW-HOLDINGS",-1
174,"US","COGENT-174",1435,"US","ASN-NWML-2",-1
174,"US","COGENT-174",1439,"US","SBISD",-1
174,"US","COGENT-174",1442,"US","ASNSISL",-1
174,"US","COGENT-174",1547,"MD","IDK-Network",-1
174,"US","COGENT-174",1605,"US","ALGT-HQNET",-1
174,"US","COGENT-174",1613,"US","EMBER",-1
174,"US","COGENT-174",1622,"US","NCHAS",-1
174,"US","COGENT-174",1678,"US","DOW",-1
174,"US","COGENT-174",1680,"IL","NV-ASN",-1
174,"US","COGENT-174",1742,"US","HARVARD-UNIV",-1
174,"US","COGENT-174",1764,"AT","NEXTLAYER-AS",-1
174,"US","COGENT-174",1766,"US","ASN-EXXONMOBIL-US",-1
174,"US","COGENT-174",1787,"US","AS1787",-1
174,"US","COGENT-174",1798,"US","OREGON",-1
174,"US","COGENT-174",1820,"US","WNET",-1
174,"US","COGENT-174",1825,"SG","SETCLEAR",-1
174,"US","COGENT-174",1828,"US","UNITAS",-1
174,"US","COGENT-174",1836,"CH","GREEN",-1
174,"US","COGENT-174",1886,"HR","BTNET",-1
174,"US","COGENT-174",1916,"BR","",-1
174,"US","COGENT-174",1955,"HU","HBONE-AS",-1
174,"US","COGENT-174",1968,"US","UMASSP-DOM",-1
174,"US","COGENT-174",1975,"US","PROQUEST-AS",-1
174,"US","COGENT-174",1996,"US","ASN1",-1
174,"US","COGENT-174",2018,"ZA","TENET-1",-1
174,"US","COGENT-174",2033,"US","PANIX",-1
174,"US","COGENT-174",2044,"US","IINET-2044",-1
174,"US","COGENT-174",2047,"CH","ASN-ROCHE-BASLE",-1
174,"US","COGENT-174",2107,"SI","ARNES-NET",-1
174,"US","COGENT-174",2108,"HR","CARNet-AS",-1
174,"US","COGENT-174",2134,"ES","GSVNET-AS",-1
174,"US","COGENT-174",2149,"US","COGENT-2149",-1
174,"US","COGENT-174",2200,"FR","FR-RENATER",-1
174,"US","COGENT-174",2516,NULL,"KDDI",-1
174,"US","COGENT-174",2519,NULL,"VECTANT",-1
174,"US","COGENT-174",2544,"US","METRO-AS",-1
174,"US","COGENT-174",2552,"US","WUSTL-ASN",-1
174,"US","COGENT-174",2588,"LV","LATNET-AS",-1
174,"US","COGENT-174",2589,"GB","WANSTOR",-1
174,"US","COGENT-174",2611,"BE","BELNET",-1
174,"US","COGENT-174",2614,"RO","RoEduNet",-1
174,"US","COGENT-174",2615,"US","BECHTEL",-1
174,"US","COGENT-174",2637,"US","GEORGIA-TECH",-1
174,"US","COGENT-174",2686,NULL,"ATGS-MMD-AS",0
174,"US","COGENT-174",2711,"US","SPIRITTEL-AS",-1
174,"US","COGENT-174",2721,"US","SCLR",-1
174,"US","COGENT-174",2728,"US","GIGSOUTH",-1
174,"US","COGENT-174",2730,"US","WINKY-AS",-1
174,"US","COGENT-174",2733,"US","ADDREX",-1
174,"US","COGENT-174",2734,"US","CORESITE",-1
174,"US","COGENT-174",2828,"US","XO-AS15",0
174,"US","COGENT-174",2857,"DE","RLP-NET",-1
174,"US","COGENT-174",2860,"PT","NOS_COMUNICACOES",-1
174,"US","COGENT-174",2901,"US","OGT-AS",-1
174,"US","COGENT-174",2914,"US","NTT-COMMUNICATIONS-2914",0
174,"US","COGENT-174",3061,"US","PDNPVD-1",-1
174,"US","COGENT-174",3064,"US","AFFINITY-FTL",-1
174,"US","COGENT-174",3185,"NL","PAYLOGIC",-1
174,"US","COGENT-174",3213,"GB","BOGONS-ASN",-1
174,"US","COGENT-174",3238,"FI","ALCOM",-1
174,"US","COGENT-174",3245,"BG","DIGSYS-AS",-1
174,"US","COGENT-174",3250,"CH","NETSKIN",-1
174,"US","COGENT-174",3252,"GB","FBRX-AS",-1
174,"US","COGENT-174",3255,"UA","UARNET-AS",-1
174,"US","COGENT-174",3257,"DE","GTT-BACKBONE",0
174,"US","COGENT-174",3262,"ES","SARENET",-1
174,"US","COGENT-174",3267,"RU","RUNNET",-1
174,"US","COGENT-174",3302,"IT","AS-IRIDEOS-IN-NETAPP",-1
174,"US","COGENT-174",3303,"CH","SWISSCOM",-1
174,"US","COGENT-174",3320,"DE","DTAG",0
174,"US","COGENT-174",3324,"ES","AS3324_FUJITSU_SPAIN",-1
174,"US","COGENT-174",3347,"LU","CETREL-LU-AS1",-1
174,"US","COGENT-174",3356,"US","LEVEL3",0
174,"US","COGENT-174",3389,"US","FORDSRL-AS",-1
174,"US","COGENT-174",3401,"US","SEATTLE",-1
174,"US","COGENT-174",3402,"US","AS-ATS",-1
174,"US","COGENT-174",3409,"US","CALLVOX",-1
174,"US","COGENT-174",3464,"US","ASC-NET",-1
174,"US","COGENT-174",3479,"US","PEACHNET-AS1",-1
174,"US","COGENT-174",3480,"US","PEACHNET-AS2",-1
174,"US","COGENT-174",3491,"US","BTN-ASN",0
174,"US","COGENT-174",3512,"US","EUSHC",-1
174,"US","COGENT-174",3549,"US","LVLT-3549",0
174,"US","COGENT-174",3599,"US","BINCNET",-1
174,"US","COGENT-174",3663,"US","NETNET-NET",-1
174,"US","COGENT-174",3685,"US","BUFFALO-ASN",-1
174,"US","COGENT-174",3701,"US","NERONET",-1
174,"US","COGENT-174",3705,"US","GPO-NET",-1
174,"US","COGENT-174",3733,"US","LEVENFELD",-1
174,"US","COGENT-174",3741,"ZA","IS",-1
174,"US","COGENT-174",3755,NULL,"NYSERNET3-AS",-1
174,"US","COGENT-174",3756,NULL,"NYSERNET3-AS",-1
174,"US","COGENT-174",3777,"US","HAVERFORD",-1
174,"US","COGENT-174",3778,"US","TEMPLE",-1
174,"US","COGENT-174",3782,"US","SWARTHMORE",-1
174,"US","COGENT-174",3795,"US","BRYNMAWR",-1
174,"US","COGENT-174",3800,"US","AS3800",-1
174,"US","COGENT-174",3820,"US","ACP",-1
174,"US","COGENT-174",3853,"US","WHIDBEY",-1
174,"US","COGENT-174",3855,"BM","LOGIC-3855",-1
174,"US","COGENT-174",3900,"US","TEXASNET-ASN",-1
174,"US","COGENT-174",3910,"US","CENTURYLINK-EUROPE-LEGACY-QWEST",0
174,"US","COGENT-174",4058,"HK","CITICTEL-CPC-AS4058",-1
174,"US","COGENT-174",4134,"CN","CHINANET-BACKBONE",-1
174,"US","COGENT-174",4166,"US","APPL-AS-4166",-1
174,"US","COGENT-174",4181,"US","TDS-AS",-1
174,"US","COGENT-174",4192,"US","STORTEK-INT",-1
174,"US","COGENT-174",4230,"BR","",-1
174,"US","COGENT-174",4232,"US","EDEN-AS",-1
174,"US","COGENT-174",4246,"US","NJIT-AS",-1
174,"US","COGENT-174",4255,"US","BAIN",-1
174,"US","COGENT-174",4261,"US","BLUEGRASSNET",-1
174,"US","COGENT-174",4354,"US","ASN-ENOC",-1
174,"US","COGENT-174",4373,"US","OCLC-AS",-1
174,"US","COGENT-174",4374,"US","CKEREST",-1
174,"US","COGENT-174",4385,"US","RIT-ASN",-1
174,"US","COGENT-174",4474,"US","TCT-AS",-1
174,"US","COGENT-174",4538,"CN","ERX-CERNET-BKB",-1
174,"US","COGENT-174",4546,"US","MCGRAW-AS",-1
174,"US","COGENT-174",4563,"US","BTMU-AMERICA",-1
174,"US","COGENT-174",4581,"US","SOCKET",-1
174,"US","COGENT-174",4597,"US","MILLIPORE",-1
174,"US","COGENT-174",4637,"HK","ASN-TELSTRA-GLOBAL",-1
174,"US","COGENT-174",4651,"TH","THAI-GATEWAY",-1
174,"US","COGENT-174",4766,"KR","KIXS-AS-KR",-1
174,"US","COGENT-174",4775,"PH","GLOBE-TELECOM-AS",-1
174,"US","COGENT-174",4826,"AU","VOCUS-BACKBONE-AS",-1
174,"US","COGENT-174",4837,"CN","CHINA169-Backbone",0
174,"US","COGENT-174",4857,"AU","TVP-OPERATIONS-COMPANY-AP",-1
174,"US","COGENT-174",4877,"CA","G3TEL-AS",-1
174,"US","COGENT-174",4889,"US","USPSOIG-AS2",-1
174,"US","COGENT-174",4894,"US","COANAHEIM",-1
174,"US","COGENT-174",4897,"US","ECHO-LABS-LLC",-1
174,"US","COGENT-174",4903,"US","ANYPRESENTATIONS",-1
174,"US","COGENT-174",4905,"US","INFO2-4905",-1
174,"US","COGENT-174",4907,"US","AL-616-4907",-1
174,"US","COGENT-174",4913,"US","NET-CPRK",-1
174,"US","COGENT-174",4927,"US","IMPU",-1
174,"US","COGENT-174",4965,"US","AMER",-1
174,"US","COGENT-174",4989,"US","YUMESJDC01",-1
174,"US","COGENT-174",5008,"US","TW-ASN-01",-1
174,"US","COGENT-174",5009,"US","EATEL",-1
174,"US","COGENT-174",5022,"US","SSEMC",-1
174,"US","COGENT-174",5033,"US","AS5033",-1
174,"US","COGENT-174",5050,"US","PSC-EXT",-1
174,"US","COGENT-174",5056,"US","AUREON-5056",-1
174,"US","COGENT-174",5069,NULL,"CLEARBLUE-AS",-1
174,"US","COGENT-174",5078,"US","ONENET-AS-1",-1
174,"US","COGENT-174",5096,"CA","411CA",-1
174,"US","COGENT-174",5108,"US","PASADENA-ASN",-1
174,"US","COGENT-174",5116,NULL,NULL,-1
174,"US","COGENT-174",5390,"NL","EuroNet",-1
174,"US","COGENT-174",5391,"HR","T-HT",-1
174,"US","COGENT-174",5392,"IT","TELNET-ITALY",-1
174,"US","COGENT-174",5400,"GB","BT",0
174,"US","COGENT-174",5416,"BH","",-1
174,"US","COGENT-174",5430,"DE","FREENETDE",-1
174,"US","COGENT-174",5436,"FR","BT-FRANCE",-1
174,"US","COGENT-174",5439,"DE","BRAINLOOP",-1
174,"US","COGENT-174",5466,"IE","EIRCOM",-1
174,"US","COGENT-174",5500,"GB","Chess",-1
174,"US","COGENT-174",5511,"FR","Opentransit",0
174,"US","COGENT-174",5538,"LV","SigmaNet-NIC",-1
174,"US","COGENT-174",5563,"RU","URAL",-1
174,"US","COGENT-174",5564,"GB","SOL-AS",-1
174,"US","COGENT-174",5577,"LU","ROOT",-1
174,"US","COGENT-174",5580,"NL","HIBERNIA",0
174,"US","COGENT-174",5587,"GB","ITILITY-LIMITED",-1
174,"US","COGENT-174",5631,"GB","LUMINET",-1
174,"US","COGENT-174",5661,"US","USF",-1
174,"US","COGENT-174",5662,"US","ASN-TBS-1",-1
174,"US","COGENT-174",5664,"CA","SHERIDAN-NET",-1
174,"US","COGENT-174",5690,"CA","VIANET-NO",-1
174,"US","COGENT-174",5697,"US","SG-INTER",-1
174,"US","COGENT-174",5702,"US","GALAXY",-1
174,"US","COGENT-174",5713,"ZA","SAIX-NET",-1
174,"US","COGENT-174",5716,"US","CYBERCOM",-1
174,"US","COGENT-174",5719,"US","SUNYSB",-1
174,"US","COGENT-174",5742,"US","CCINET",-1
174,"US","COGENT-174",5760,"US","BIDDEFORD1",-1
174,"US","COGENT-174",5769,"CA","VIDEOTRON",-1
174,"US","COGENT-174",6057,"UY","",-1
174,"US","COGENT-174",6059,"US","UMS2-ASN",-1
174,"US","COGENT-174",6074,"US","LIUNET",-1
174,"US","COGENT-174",6082,"US","IPIFONY-AS",-1
174,"US","COGENT-174",6118,"US","MCCLATCHY-CORP",-1
174,"US","COGENT-174",6128,"US","CABLE-NET-1",0
174,"US","COGENT-174",6172,"US","MUSD-INTERNET",-1
174,"US","COGENT-174",6181,"US","FUSE-NET",-1
174,"US","COGENT-174",6188,"US","VPSDATACENTER",-1
174,"US","COGENT-174",6189,"US","EPFL-AS",-1
174,"US","COGENT-174",6199,"US","COOPERUNION",-1
174,"US","COGENT-174",6200,"US","UIC-AS",-1
174,"US","COGENT-174",6220,"US","AS6220",-1
174,"US","COGENT-174",6231,"US","SCANA",-1
174,"US","COGENT-174",6244,"US","SWIEC",-1
174,"US","COGENT-174",6315,"US","XMISSION",0
174,"US","COGENT-174",6325,"US","ILLINOIS-CENTURY",-1
174,"US","COGENT-174",6327,"CA","SHAW",-1
174,"US","COGENT-174",6336,"US","TURN-US-ASN",-1
174,"US","COGENT-174",6341,"US","WIEC",-1
174,"US","COGENT-174",6364,"US","ATLANTIC-NET-1",-1
174,"US","COGENT-174",6379,"US","ALINK",-1
174,"US","COGENT-174",6391,"CA","URBAN-15-AS",-1
174,"US","COGENT-174",6400,"DO","",-1
174,"US","COGENT-174",6404,"US","FACTSET",-1
174,"US","COGENT-174",6405,"US","AIN",-1
174,"US","COGENT-174",6407,"CA","PRIMUS-AS6407",-1
174,"US","COGENT-174",6412,"KW","KW",-1
174,"US","COGENT-174",6428,"US","CDM",-1
174,"US","COGENT-174",6434,"US","PIERPONTSECURITIES",-1
174,"US","COGENT-174",6453,"US","AS6453",0
174,"US","COGENT-174",6461,"US","ZAYO-6461",0
174,"US","COGENT-174",6482,"US","SUPER-AS1",-1
174,"US","COGENT-174",6485,NULL,NULL,-1
174,"US","COGENT-174",6494,"US","COGENT-6494",-1
174,"US","COGENT-174",6503,"MX","",-1
174,"US","COGENT-174",6536,"US","CITYNET",-1
174,"US","COGENT-174",6551,"US","MOBILETNET",-1
174,"US","COGENT-174",6561,"CA","JUCE",-1
174,"US","COGENT-174",6566,"US","TROWE-NET",-1
174,"US","COGENT-174",6582,"US","FRII",-1
174,"US","COGENT-174",6620,"US","AS-6620",-1
174,"US","COGENT-174",6621,"US","HNS-DIRECPC",-1
174,"US","COGENT-174",6643,"US","JIVECOMMUNICATIONS",-1
174,"US","COGENT-174",6661,"LU","EPT-LU",-1
174,"US","COGENT-174",6667,"FI","EUNET-FINLAND",-1
174,"US","COGENT-174",6674,"GR","NATIONAL-BANK-OF-GREECE",-1
174,"US","COGENT-174",6677,"IS","ICENET-AS1",-1
174,"US","COGENT-174",6700,"RS","BEOTEL-AS",-1
174,"US","COGENT-174",6713,"MA","IAM-AS",-1
174,"US","COGENT-174",6718,"RO","NAV",-1
174,"US","COGENT-174",6730,"CH","SUNRISE",-1
174,"US","COGENT-174",6735,"DE","SDTNET",-1
174,"US","COGENT-174",6738,"FR","DRI",-1
174,"US","COGENT-174",6752,"AD","ANDORRA",-1
174,"US","COGENT-174",6753,"DE","VIPRINET-AS",-1
174,"US","COGENT-174",6758,"MC","AS6758",-1
174,"US","COGENT-174",6759,"GB","IOTX",-1
174,"US","COGENT-174",6762,"IT","SEABONE-NET",-1
174,"US","COGENT-174",6764,"SI","PERFTECH-SLOVENIA-AS",-1
174,"US","COGENT-174",6768,"UA","EUROTEL-AS",-1
174,"US","COGENT-174",6769,"LT","SICN",-1
174,"US","COGENT-174",6772,"CH","IMPNET-AS",-1
174,"US","COGENT-174",6774,"BE","ASN-BICS",0
174,"US","COGENT-174",6775,"CH","FINK-TELECOM-SERVICES",-1
174,"US","COGENT-174",6776,"CH","THENET",-1
174,"US","COGENT-174",6779,"GB","ICLNET-AS",-1
174,"US","COGENT-174",6812,"IE","VS-VGN-EMEA",-1
174,"US","COGENT-174",6830,"AT","LGI-UPC",-1
174,"US","COGENT-174",6834,"DK","AS6834",-1
174,"US","COGENT-174",6849,"UA","UKRTELNET",-1
174,"US","COGENT-174",6866,"CY","CYTA-NETWORK",-1
174,"US","COGENT-174",6893,"CH","SAITIS-NETWORK",-1
174,"US","COGENT-174",6894,"GB","KDDI-EUROPE",-1
174,"US","COGENT-174",6898,"CH","INTERNETONE_CH",-1
174,"US","COGENT-174",6913,NULL,"HCSNET-ASNBLK",-1
174,"US","COGENT-174",6924,"US","STARTRIB",-1
174,"US","COGENT-174",6971,"US","VMX-US1",-1
174,"US","COGENT-174",7018,"US","ATT-INTERNET4",0
174,"US","COGENT-174",7049,"AR","",-1
174,"US","COGENT-174",7057,"CA","MANAGEDNETWORK",-1
174,"US","COGENT-174",7065,"US","SONOMA",-1
174,"US","COGENT-174",7078,"US","MONMOUTH",-1
174,"US","COGENT-174",7106,"US","INDEPENDENTSFIBERNETWORK",-1
174,"US","COGENT-174",7124,NULL,NULL,-1
174,"US","COGENT-174",7138,"US","ENCOMPASS-ASN",-1
174,"US","COGENT-174",7148,"US","GRAPHNET-NET",-1
174,"US","COGENT-174",7162,"BR","",-1
174,"US","COGENT-174",7203,"US","LEASEWEB-USA-SFO-12",-1
174,"US","COGENT-174",7219,"US","ASNTULIX",-1
174,"US","COGENT-174",7221,"US","TWRS-PHL",-1
174,"US","COGENT-174",7227,"US","KPMGL-AS",-1
174,"US","COGENT-174",7250,"US","SURRY-TELEPHONE-MEMB-CORP",-1
